"","meta_repeat_id","n_exp","true_effect","pb_true","b_sex_cond_meta","b_sex_cond_lower_meta","b_sex_cond_upper_meta","b_sex_cond_error_meta"
"1",1,60,1,0,0.157101323034996,0.143515535465779,0.169934936761937,0.169934936761937
"2",1,21,1,1,0.163488063628548,0.140833501516167,0.186229583138372,0.011786729181215
