"","meta_repeat_id","n_exp","true_effect","pb_true","b_sex_cond_meta","b_sex_cond_lower_meta","b_sex_cond_upper_meta","b_sex_cond_error_meta"
"1",1,60,1,0,0.157514057401787,0.142832177168966,0.171237215772718,0.171237215772718
"2",1,24,1,1,0.164196905275019,0.142532916737152,0.184089418436542,0.0105978100526667
