"","meta_repeat_id","n_exp","true_effect","pb_true","b_sex_cond_meta","b_sex_cond_lower_meta","b_sex_cond_upper_meta","b_sex_cond_error_meta"
"1",1,60,2,0,0.26364316255131,0.250021624550218,0.27702007982647,0.27702007982647
"2",1,20,2,1,0.273688329499919,0.250386519413888,0.29634040244344,0.0118056834408228
