"","meta_repeat_id","n_exp","true_effect","pb_true","b_sex_cond_meta","b_sex_cond_lower_meta","b_sex_cond_upper_meta","b_sex_cond_error_meta"
"1",1,60,0,0,0.00146713510023523,-0.012127732250563,0.0148946698602023,0.0148946698602023
"2",1,34,0,1,0.000813111543750734,-0.0175418276056889,0.0194736592438834,0.00934687936204332
