"","meta_repeat_id","n_exp","true_effect","pb_true","b_sex_cond_meta","b_sex_cond_lower_meta","b_sex_cond_upper_meta","b_sex_cond_error_meta"
"1",1,60,2,0,0.265510888501019,0.252629244029594,0.278656579316133,0.278656579316133
"2",1,10,2,1,0.281133456030438,0.243058816827408,0.31800616413357,0.0190469714054447
