"","meta_repeat_id","n_exp","true_effect","pb_true","b_sex_cond_meta","b_sex_cond_lower_meta","b_sex_cond_upper_meta","b_sex_cond_error_meta"
"1",1,60,0,0,-0.000509997853172751,-0.0146626730770064,0.0135453967464876,0.0135453967464876
"2",1,33,0,1,-0.001446384385723,-0.0207779821318266,0.0168303014596911,0.00992134883899693
