"","meta_repeat_id","n_exp","b_sex_cond_meta","b_sex_cond_lower_meta","b_sex_cond_upper_meta"
"1",1,10,0.0814962874131312,0.0435355636836267,0.120951262531318
"2",2,10,0.0761367078587533,0.0390215018065992,0.112960217939061
"3",3,10,0.0768366360761682,0.0377979552430384,0.115814681390501
