"","meta_repeat_id","n_exp","true_effect","pb_true","b_sex_cond_meta","b_sex_cond_lower_meta","b_sex_cond_upper_meta","b_sex_cond_error_meta"
"1",1,60,0,0,0.00306498159941726,-0.0104041505450335,0.0162231662357286,0.0162231662357286
"2",1,34,0,1,0.00238242509625536,-0.0158872918108501,0.0206394326296776,0.00944373379067562
