"","meta_repeat_id","n_exp","true_effect","pb_true","b_sex_cond_meta","b_sex_cond_lower_meta","b_sex_cond_upper_meta","b_sex_cond_error_meta"
"1",1,60,2,0,0.276193309054246,0.262311402653961,0.290512359933401,0.290512359933401
"2",1,23,2,1,0.274783855442622,0.253117004490506,0.297443848436467,0.0114509097418918
