"","meta_repeat_id","n_exp","true_effect","pb_true","b_sex_cond_meta","b_sex_cond_lower_meta","b_sex_cond_upper_meta","b_sex_cond_error_meta"
"1",1,60,0,0,0.000840543213691038,-0.0128807725501185,0.0144877404952908,0.0144877404952908
"2",1,31,0,1,-0.000762969635283568,-0.0210922077047731,0.0200332724405998,0.0103183669054002
