"","meta_repeat_id","n_exp","true_effect","pb_true","b_sex_cond_meta","b_sex_cond_lower_meta","b_sex_cond_upper_meta","b_sex_cond_error_meta"
"1",1,60,0,0,0.00261512664206164,-0.0127419806572515,0.0168912193371366,0.0168912193371366
"2",1,33,0,1,0.005822511527052,-0.0135478806214396,0.0252991312388443,0.0100811100315663
