"","repeat_id","expt","analysis_type","true_base","b_base_lower","b_base_med","b_base_upper","true_sex","b_sex_p_value","b_sex_lower","b_sex_med","b_sex_upper","true_cond","b_cond_p_value","b_cond_lower","b_cond_med","b_cond_upper","true_sex_cond","b_sex_cond_p_value","b_sex_cond_lower","b_sex_cond_med","b_sex_cond_upper"
"1",1,1,"bglmm",0,0.434383448617462,0.502239262143063,0.567084622181867,0,NA,-0.058271367692692,0.0334835601772764,0.129458886292902,0,NA,-0.0203480496513,0.0704339143808494,0.161675889956898,1,NA,-0.00728541046814704,0.127974501294671,0.260971272019095
"2",1,2,"bglmm",0,0.417554184642603,0.49371872398482,0.569838714730203,0,NA,-0.106102991882231,0.000868301959021986,0.108996374099662,0,NA,-0.119977710432866,-0.0184469150192643,0.0862162002840354,1,NA,0.123143555249965,0.270038239447072,0.418080979384977
"3",1,1,"bskep",0,0.434006510096874,0.501437346202133,0.569028858313028,0,NA,-0.0601527600312744,0.0339772023167392,0.125459242064541,0,NA,-0.022920642965132,0.0710541070548228,0.171727277368295,1,NA,-0.0102167483479777,0.123893774912023,0.258958502097463
"4",1,2,"bskep",0,0.413912034839002,0.486690841684609,0.560497401162773,0,NA,-0.0951804281210655,0.011660210975836,0.119064390755151,0,NA,-0.115794272997878,-0.00977562229394605,0.0898731427656526,1,NA,0.112474006867708,0.258837044450473,0.4085774746091
"5",1,1,"pp",0,0.420252801818448,0.490309319733078,0.558381720910896,0,NA,-0.0909504617958181,0.0153937360724592,0.11278208113853,0,NA,-0.114151360294898,-0.00999964376704343,0.0870935410628412,1,NA,0.118971046213033,0.252104575227376,0.40212697994105
"6",1,2,"pp",0,0.415816973785303,0.495359104511092,0.564356861653681,0,NA,-0.102148349435735,0.00144334702173054,0.110061465271695,0,NA,-0.143282231702622,-0.0231320963026158,0.0923657219198951,1,NA,0.118303358383462,0.273100532984776,0.409704731250575
